,Country,Confirmed,Deaths,Mortality Rate,Latitude,Longitude,Country_Code
0,Afghanistan,1176.0,40.0,3.4,33.93911,67.709953,AF
1,Albania,634.0,27.0,4.26,41.153332,20.168331,AL
2,Algeria,2910.0,402.0,13.81,28.033886,1.6596259999999998,DZ
3,Andorra,723.0,37.0,5.12,42.546245,1.6015540000000001,AD
4,Angola,25.0,2.0,8.0,-11.202691999999999,17.873887,AO
5,Antigua and Barbuda,24.0,3.0,12.5,17.060816,-61.796428000000006,AG
6,Argentina,3144.0,152.0,4.83,-38.416097,-63.616671999999994,AR
7,Armenia,1473.0,24.0,1.63,40.069099,45.038189,AM
8,Australia,6547.0,67.0,1.02,-25.274398,133.775136,AU
9,Austria,14925.0,510.0,3.42,47.516231,14.550072,AT
10,Azerbaijan,1518.0,20.0,1.32,40.143105,47.576927000000005,AZ
11,Bahamas,65.0,9.0,13.85,25.03428,-77.39628,BS
12,Bahrain,2027.0,7.0,0.35,25.930414000000003,50.637772,BH
13,Bangladesh,3772.0,120.0,3.18,23.684994,90.35633100000001,BD
14,Barbados,75.0,5.0,6.67,13.193887,-59.543198,BB
15,Belarus,7281.0,58.0,0.8,53.709807,27.953389,BY
16,Belgium,41889.0,6262.0,14.95,50.503887,4.469936,BE
17,Belize,18.0,2.0,11.11,17.189877,-88.49765,BZ
18,Benin,54.0,1.0,1.85,9.30769,2.315834,BJ
19,Bhutan,6.0,0.0,0.0,27.514162,90.433601,BT
20,Bolivia,609.0,37.0,6.08,-16.290154,-63.588653,BO
21,Bosnia and Herzegovina,1368.0,53.0,3.87,43.915886,17.679076000000002,BA
22,Botswana,22.0,1.0,4.55,-22.328474,24.684866,BW
23,Brazil,45757.0,2906.0,6.35,-14.235004,-51.92528,BR
24,Brunei,138.0,1.0,0.72,4.535277,114.72766899999999,BN
25,Bulgaria,1024.0,49.0,4.79,42.733883,25.48583,BG
26,Burkina Faso,609.0,39.0,6.4,12.238333,-1.561593,BF
27,Burundi,11.0,1.0,9.09,-3.3730559999999996,29.918885999999997,BI
28,Cambodia,122.0,0.0,0.0,12.565679,104.990963,KH
29,Cameroon,1163.0,43.0,3.7,7.369722,12.354722,CM
30,Canada,41650.0,2077.0,4.99,56.130366,-106.34677099999999,CA
31,Central African Republic,14.0,0.0,0.0,6.611111,20.939444,CF
32,Chad,33.0,0.0,0.0,15.454166,18.732207,TD
33,Chile,11296.0,160.0,1.42,-35.675146999999996,-71.542969,CL
34,China,82790.0,4632.0,5.59,35.86166,104.195397,CN
35,Colombia,4356.0,206.0,4.73,4.570868,-74.297333,CO
36,Costa Rica,681.0,6.0,0.88,9.748917,-83.753428,CR
37,Croatia,1950.0,48.0,2.46,45.1,15.2,HR
38,Cuba,1189.0,40.0,3.36,21.521757,-77.78116700000001,CU
39,Cyprus,790.0,13.0,1.65,35.126413,33.429859,CY
40,Czech Republic,7132.0,208.0,2.92,49.817492,15.472961999999999,CZ
41,Denmark,8108.0,384.0,4.74,56.26392,9.501785,DK
42,Djibouti,974.0,2.0,0.21,11.825138,42.590275,DJ
43,Dominica,16.0,0.0,0.0,15.414999,-61.370976,DM
44,Dominican Republic,5300.0,260.0,4.91,18.735692999999998,-70.162651,DO
45,Ecuador,10850.0,537.0,4.95,-1.8312389999999998,-78.183406,EC
46,Egypt,3659.0,276.0,7.54,26.820553000000004,30.802497999999996,EG
47,El Salvador,237.0,7.0,2.95,13.794185,-88.89653,SV
48,Equatorial Guinea,84.0,1.0,1.19,1.6508009999999997,10.267895,GQ
49,Eritrea,39.0,0.0,0.0,15.179383999999999,39.782334000000006,ER
50,Estonia,1559.0,44.0,2.82,58.595271999999994,25.013607,EE
51,Ethiopia,116.0,3.0,2.59,9.145,40.489672999999996,ET
52,Fiji,18.0,0.0,0.0,-16.578193,179.414413,FJ
53,Finland,4129.0,149.0,3.61,61.92411,25.748151,FI
54,France,157125.0,21373.0,13.6,46.227638,2.213749,FR
55,Gabon,166.0,1.0,0.6,-0.803689,11.609444,GA
56,Gambia,10.0,1.0,10.0,13.443182,-15.310139000000001,GM
57,Georgia,416.0,5.0,1.2,42.315407,43.356891999999995,GE
58,Germany,150648.0,5279.0,3.5,51.165690999999995,10.451526,DE
59,Ghana,1154.0,9.0,0.78,7.946527000000001,-1.0231940000000002,GH
60,Greece,2408.0,121.0,5.02,39.074208,21.824312,GR
61,Grenada,15.0,0.0,0.0,12.262775999999999,-61.604170999999994,GD
62,Guatemala,316.0,8.0,2.53,15.783470999999999,-90.23075899999999,GT
63,Guinea,761.0,6.0,0.79,9.945587,-9.696645,GN
64,Guinea-Bissau,50.0,0.0,0.0,11.803749,-15.180413,GW
65,Guyana,67.0,7.0,10.45,4.860416000000001,-58.93018000000001,GY
66,Haiti,62.0,4.0,6.45,18.971187,-72.28521500000001,HT
67,Honduras,510.0,46.0,9.02,15.199998999999998,-86.241905,HN
68,Hong Kong,1033.0,4.0,0.39,22.396428,114.10949699999999,HK
69,Hungary,2168.0,225.0,10.38,47.162494,19.503304,HU
70,Iceland,1785.0,10.0,0.56,64.96305100000001,-19.020835,IS
71,India,21370.0,681.0,3.19,20.593684,78.96288,IN
72,Indonesia,7418.0,635.0,8.56,-0.789275,113.921327,ID
73,Iran,85996.0,5391.0,6.27,32.427908,53.68804599999999,IR
74,Iraq,1631.0,83.0,5.09,33.223191,43.679291,IQ
75,Ireland,16671.0,769.0,4.61,53.41291,-8.243889999999999,IE
76,Israel,14498.0,189.0,1.3,31.046051000000002,34.851612,IL
77,Italy,187327.0,25085.0,13.39,41.87194,12.56738,IT
78,Jamaica,233.0,6.0,2.58,18.109581,-77.297508,JM
79,Japan,11512.0,281.0,2.44,36.204824,138.252924,JP
80,Jordan,435.0,7.0,1.61,30.585164000000002,36.238414,JO
81,Kazakhstan,2135.0,19.0,0.89,48.019573,66.923684,KZ
82,Kenya,303.0,14.0,4.62,-0.023559,37.906193,KE
83,Kosovo,510.0,12.0,2.35,42.602636,20.902977,XK
84,Kuwait,2248.0,13.0,0.58,29.311659999999996,47.481766,KW
85,Kyrgyzstan,612.0,7.0,1.14,41.20438,74.766098,KG
86,Laos,19.0,0.0,0.0,19.856270000000002,102.495496,LA
87,Latvia,761.0,11.0,1.45,56.879635,24.603189,LV
88,Lebanon,682.0,22.0,3.23,33.854721000000005,35.862285,LB
89,Liberia,101.0,8.0,7.92,6.4280550000000005,-9.429499,LR
90,Libya,59.0,1.0,1.69,26.3351,17.228331,LY
91,Liechtenstein,81.0,1.0,1.23,47.166000000000004,9.555373,LI
92,Lithuania,1370.0,38.0,2.77,55.169438,23.881275,LT
93,Luxembourg,3654.0,80.0,2.19,49.815273,6.129583,LU
94,Macau,45.0,0.0,0.0,22.198745000000002,113.543873,MO
95,Madagascar,121.0,0.0,0.0,-18.766947000000002,46.869107,MG
96,Malawi,23.0,3.0,13.04,-13.254307999999998,34.301525,MW
97,Malaysia,5532.0,93.0,1.68,4.210483999999999,101.97576600000001,MY
98,Maldives,86.0,0.0,0.0,3.202778,73.22068,MV
99,Mali,293.0,17.0,5.8,17.570692,-3.9961660000000006,ML
100,Malta,444.0,3.0,0.68,35.937496,14.375416,MT
101,Mauritania,7.0,1.0,14.29,21.00789,-10.940835,MR
102,Mauritius,329.0,9.0,2.74,-20.348404000000002,57.552152,MU
103,Mexico,9501.0,857.0,9.02,23.634501,-102.552784,MX
104,Moldova,2778.0,75.0,2.7,47.411631,28.369884999999996,MD
105,Monaco,94.0,3.0,3.19,43.750298,7.412841,MC
106,Mongolia,35.0,0.0,0.0,46.862496,103.84665600000001,MN
107,Montenegro,315.0,5.0,1.59,42.708678000000006,19.37439,ME
108,Morocco,3446.0,149.0,4.32,31.791702,-7.09262,MA
109,Mozambique,41.0,0.0,0.0,-18.665695,35.529562,MZ
110,Namibia,16.0,0.0,0.0,-22.957639999999998,18.49041,
111,Nepal,45.0,0.0,0.0,28.394857000000002,84.12400799999999,NP
112,Netherlands,35032.0,4068.0,11.61,52.132633,5.291266,NL
113,New Zealand,1451.0,14.0,0.96,-40.900557,174.88597099999998,NZ
114,Nicaragua,10.0,2.0,20.0,12.865416,-85.207229,NI
115,Niger,662.0,22.0,3.32,17.607789,8.081666,NE
116,Nigeria,873.0,28.0,3.21,9.081999,8.675277000000001,NG
117,Norway,7338.0,187.0,2.55,60.472024,8.468946,NO
118,Oman,1614.0,8.0,0.5,21.512583,55.923255000000005,OM
119,Pakistan,10076.0,212.0,2.1,30.375321000000003,69.345116,PK
120,Panama,4821.0,141.0,2.92,8.537981,-80.782127,PA
121,Papua New Guinea,8.0,0.0,0.0,-6.314993,143.95555,PG
122,Paraguay,213.0,9.0,4.23,-23.442503,-58.44383199999999,PY
123,Peru,19250.0,530.0,2.75,-9.189967,-75.015152,PE
124,Philippines,6710.0,446.0,6.65,12.879721,121.77401699999999,PH
125,Poland,10169.0,426.0,4.19,51.919438,19.145135999999997,PL
126,Portugal,21982.0,785.0,3.57,39.399871999999995,-8.224454,PT
127,Qatar,7141.0,10.0,0.14,25.354826,51.183884,QA
128,Romania,9710.0,524.0,5.4,45.943160999999996,24.96676,RO
129,Russia,57999.0,513.0,0.88,61.52401,105.31875600000001,RU
130,Rwanda,153.0,0.0,0.0,-1.940278,29.873888,RW
131,Saint Kitts and Nevis,15.0,0.0,0.0,17.357822,-62.782998,KN
132,Saint Lucia,15.0,0.0,0.0,13.909444,-60.97889300000001,LC
133,Saint Vincent and the Grenadines,13.0,0.0,0.0,12.984305,-61.287228000000006,VC
134,San Marino,488.0,40.0,8.2,43.94236,12.457777,SM
135,Saudi Arabia,12772.0,114.0,0.89,23.885942,45.079162,SA
136,Senegal,442.0,6.0,1.36,14.497401000000002,-14.452361999999999,SN
137,Serbia,6630.0,125.0,1.89,44.016521000000004,21.005859,RS
138,Seychelles,11.0,0.0,0.0,-4.679574,55.491977,SC
139,Sierra Leone,61.0,0.0,0.0,8.460555000000001,-11.779889,SL
140,Singapore,10141.0,12.0,0.12,1.352083,103.819836,SG
141,Slovakia,1244.0,14.0,1.13,48.669026,19.699023999999998,SK
142,Slovenia,1353.0,79.0,5.84,46.151241,14.995463,SI
143,Somalia,286.0,8.0,2.8,5.152149,46.199616,SO
144,South Africa,3635.0,65.0,1.79,-30.559482,22.937506,ZA
145,South Korea,10694.0,238.0,2.23,35.907757000000004,127.766922,KR
146,Spain,208389.0,21717.0,10.42,40.463667,-3.7492199999999998,ES
147,Sri Lanka,330.0,7.0,2.12,7.873054,80.77179699999999,LK
148,Sudan,140.0,13.0,9.29,12.862807,30.217636,SD
149,Suriname,10.0,1.0,10.0,3.9193050000000005,-56.02778299999999,SR
150,Sweden,16004.0,1937.0,12.1,60.128161,18.643501,SE
151,Switzerland,28268.0,1509.0,5.34,46.818188,8.227511999999999,CH
152,Syria,42.0,3.0,7.14,34.802075,38.996815000000005,SY
153,Taiwan,426.0,6.0,1.41,23.69781,120.96051499999999,TW
154,Tanzania,284.0,10.0,3.52,-6.369028,34.888822,TZ
155,Thailand,2826.0,49.0,1.73,15.870032,100.992541,TH
156,Timor-Leste,23.0,0.0,0.0,-8.874217,125.727539,TL
157,Togo,88.0,6.0,6.82,8.619543,0.824782,TG
158,Trinidad and Tobago,115.0,8.0,6.96,10.691803,-61.222503,TT
159,Tunisia,909.0,38.0,4.18,33.886917,9.537499,TN
160,Turkey,98674.0,2376.0,2.41,38.963745,35.243322,TR
161,Uganda,63.0,0.0,0.0,1.373333,32.290275,UG
162,Ukraine,6592.0,174.0,2.64,48.379433,31.16558,UA
163,United Arab Emirates,8238.0,52.0,0.63,23.424076,53.847818000000004,AE
164,United States,839675.0,46583.0,5.55,37.09024,-95.712891,US
165,Uruguay,543.0,12.0,2.21,-32.522779,-55.765834999999996,UY
166,Uzbekistan,1716.0,7.0,0.41,41.377491,64.585262,UZ
167,Venezuela,288.0,10.0,3.47,6.42375,-66.58973,VE
168,Vietnam,268.0,0.0,0.0,14.058323999999999,108.277199,VN
169,Western Sahara,6.0,0.0,0.0,24.215526999999998,-12.885834,EH
170,Yemen,1.0,0.0,0.0,15.552726999999999,48.516388,YE
171,Zambia,74.0,3.0,4.05,-13.133897,27.849332,ZM
172,Zimbabwe,28.0,4.0,14.29,-19.015438,29.154857,ZW
